{"cameraMode":{"drawMode":0,"name":"Shaded","section":"Shading Mode"},"sceneLighting":true,"audioPlay":false,"sceneViewState":{"showFog":true,"showMaterialUpdate":false,"showSkybox":true,"showFlares":true,"showImageEffects":true,"showParticleSystems":true},"in2DMode":false,"pivot":{"x":-5.210977554321289,"y":-13.105756759643555,"z":-62.81425476074219},"rotation":{"x":-0.013150732964277268,"y":0.9866781830787659,"z":-0.1048922911286354,"w":-0.12377820909023285},"size":79.52457427978516,"orthographic":false}